{"Add_alternative_text":"대체 텍스트 추가","Add_image_alternative_text_confirmation":"%name% 이미지에 대체 텍스트 추가","Agents_currently_not_available":"지금은 상담 가능한 에이전트가 없습니다.","Agents_not_available":"지금은 상담 가능한 에이전트가 없습니다.","Agents_not_available_continuous":"지금은 사용할 수 있는 에이전트가 없지만 메시지는 계속 보낼 수 있습니다. 회신을 받으면 이메일 주소로 알려드리겠습니다.","Alt_text":"대체 텍스트","Alternative_text_description":"스크린 리더를 사용하는 장애인에게는 대체 텍스트가 필수입니다.","Ask_for_email_confirmation":"에이전트가 회신할 때 다음을 알려드립니다.","Ask_for_email_question":"죄송하지만, 제가 생각했던 것만큼 빠르게 답장을 드릴 수 없을 것 같습니다. 이메일 주소를 남겨 주시면 나중에 답장을 드리겠습니다.","Assistly_ticket_created":"여러분 사례를 지원하기 위해 지원 티켓이 작성되었습니다.","Assistly_ticket_notification":"문제가 해결되면 %email%로 이메일을 보내드립니다.","Bad":"나쁨","Button_add_feedback":"코멘트 남기기","Button_allow":"허용","Button_leave_chat_cancel":"취소","Button_leave_chat_confirm":"채팅 닫기","Button_link_cancel":"취소","Button_link_or":"또는","Button_link_skip":"건너뛰기","Cancel_bad_rating":"부정 평가 취소","Cancel_good_rating":"긍정 평가 취소","Cannot_upload_a_file_over_10MB":"10MB 이상의 파일은 업로드할 수 없습니다.","Chat_closed_by_customer":"채팅을 닫으셨습니다.","Chat_session_closed":"채팅 종료됨.","Chat_transcript_sent":"채팅이 종료되면 채팅 내용이 %s로 전송됩니다.","Client":"고객","Client_inactive":"사용자가 오랫동안 활동을 하지 않아 채팅이 종료되었습니다.","Close_chat":"채팅 닫기","Close_menu":"메뉴 닫기","Close_modal":"모달 닫기","Close_notification":"알림 닫기","Closed_chat_upload_failed":"종료된 채팅에 파일을 업로드할 수 없습니다.","Continuous_chat_transcript_message":"이 이메일 주소로 새 메시지에 대해 알려드리겠습니다. 아래에서 새 채팅 기록을 찾을 수 있습니다.","Delete":"삭제","Describe_image":"이미지 설명","Drop_file_here":"여기에 파일 놓기","Edit_email":"이메일 편집","Email_address_verify_link":"이메일 주소 확인","Email_address_verify_message":"아래 링크를 클릭하여 확인한 경우에만 이 이메일 주소로 메시지가 전송됩니다.","Email_prompt_confirmation":"에이전트가 회신할 때 다음을 알려드립니다.","Email_prompt_first_time":"이메일 주소가 없습니다. 연락할 수 있도록 여기에 입력하십시오.","Embedded_chat_ended":"종료된 채팅","Embedded_chat_now":"채팅문의주세요","Embedded_chat_with":"%operator%와 채팅","Embedded_greeting_accept":"지금 채팅하기","Embedded_invitation_accept":"채팅 시작","Embedded_invitation_refuse":"창 닫기","Embedded_leave_message":"안녕하세요  New Heaven 입니다. 친절상담~!","Embedded_minimize_window":"창 최소화","Embedded_new_message":"%operator%가 보낸 새 메시지","Embedded_read_chat_transcript":"채팅 내용 읽기","Embedded_start_chat_again":"채팅을 다시 시작","Embedded_textarea_placeholder":"메시지를 작성하세요...","Embedded_waiting_for_operator":"오퍼레이터 기다리기","Enter_email_address":"이메일 주소 입력","Facebook_login_button":"Facebook으로 로그인","Facebook_login_refuse":"Facebook으로 로그인하지 않겠습니다","File_to_upload":"업로드할 파일","File_upload_status":"%finishedCount% / %totalCount% 업로드됨","Files_to_upload":"업로드할 파일","Fill_form_to_send":"아래 양식에 기재 후 전송하세요","Forms_privacy_policy_agree":"동의","Forms_privacy_policy_consent":"비즈니스를 수행하는 동안 데이터 컨트롤러가 서비스를 사용하는 계열사 또는 기타 법인으로 개인 데이터를 전송하는 데 동의합니다.","Freshbooks_click_here":"여기를 클릭해서","Freshbooks_invoice_created":"\u003cstrong\u003e%amount%\u003c/strong\u003e의 새 청구서가 작성되었습니다. \u003cbr\u003e모든 세부 사항이 정확한지 확인해 주십시오.","Freshbooks_to_download":"직접 다운로드하십시오.","Go_back_upload_list":"업로드 목록으로 돌아가기","Good":"좋음","Got_it":"알겠어요!","Hide_greeting":"인사 숨기기","Invalid_email":"유효하지 않은 이메일","Joinme_info":"\u003cstrong\u003e%sender%\u003c/strong\u003e가 여러분이 \u003cstrong\u003e데스크톱을 공유하기를 원합니다\u003c/strong\u003e. \u003cbr\u003e 공유는 LogMeIn에 의해 \u003cstrong\u003e보안 처리\u003c/strong\u003e됩니다.","Joinme_session_rejected":"원격 데스크톱 세션이 거절되었습니다.","Joinme_session_started":"원격 데스크톱 세션이 시작되었습니다.","Leave_chat_confirm":"채팅을 닫으시겠습니까?","Loading":"기다려 주십시오","Loading_previous_messages":"이전 메시지 로드","Lost_Connection":"접속 끊김. 인터넷 연결을 확인하시고 다시 시도해 주십시오.","Message_delivered":"보냄","Message_not_sent":"메시지 전송되지 않음.","Message_read":"읽음","Message_sent":"메시지가 전송되었습니다.","Mute":"음소거","New_greeting_default_message":"안녕하세요, 궁금한 점이있으면 말씀해주세요.","New_message":"새 메시지","New_messages":"새 메시지","New_messages_notification":"새 메시지 알림","Next_item":"다음 항목","No":"아니요","Not_sent_yet":"아직 전송되지 않음","Offline_form":"메시지 남기기","Offline_form_submit_label":"메시지 남기기","Offline_message_failed":"여러분의 메시지를 남기지 못했습니다. 나중에 다시 시도해 주십시오.","Offline_message_sent":"감사합니다! 여러분의 메시지가 전송되었습니다. 지원팀이 곧 연락을 드리겠습니다.","Open_livechat":"LiveChat 열기","Open_menu":"메뉴 열기","Open_new_tab":"새 탭에서 열기","Operator_closed_session":"%operator%가 채팅을 종료했습니다.","Operator_is_typing":"%operator%가 입력 중...","Operator_joined_conference":"%operator%가 컨퍼런스에 합류했습니다.","Operator_left_conference":"%operator%가 컨퍼런스를 떠났습니다.","Postchat_case_resolved_question":"채팅으로 문제가 해결되었습니까?","Postchat_first_time_question":"이 문제에 대해 처음하는 채팅입니까?","Postchat_leave_comment":"평가해 주셔서 감사합니다! 아래 상자에 코멘트를 남길 수 있습니다.","Postchat_rate_agent_question":"귀하를 응대한 직원의 전문성에 만족하십니까?","Postchat_rate_chat":"채팅을 평가해주시겠습니까?","Prechat_submit_label":"채팅 시작","Previous_item":"이전 항목","Prohibited_file_type":"금지된 파일 유형","Push_page_accept":"이 페이지 열기","Push_page_accepted":"여러분이 페이지로 이동하셨습니다.","Push_page_cancel":"취소","Push_page_or":"또는","Push_page_refused":"여러분은 페이지 열기를 거부하셨습니다.","Push_page_requested":"%operator%가 이 페이지를 여러분의 브라우저에서 열려고 합니다.","Queue":"대기열","Rate_agent":"다시 평가","Rate_bad_and_open_modal":"부정 평가 및 개방형 댓글 모달","Rate_good_and_open_modal":"긍정 평가 및 개방형 댓글 모달","Rate_me_add_comment":"평가해 주셔서 감사합니다! 코멘트도 남길 수 있습니다:","Rate_me_bad":"나쁨","Rate_me_bad_tooltip":"불량으로 평가","Rate_me_cancel":"여러분의 투표가 취소되었습니다.","Rate_me_cancel_tooltip":"평가 취소","Rate_me_comment_added":"다음 코멘트를 남겼습니다. %comment%","Rate_me_confirmation_bad":"우리 고객 서비스가 좋지 않다고 평가해 주셨습니다.","Rate_me_confirmation_good":"우리 고객 서비스가 좋다고 평가해 주셨습니다.","Rate_me_good":"양호","Rate_me_good_tooltip":"양호로 평가","Rate_me_placeholder":"코멘트 입력...","Reconnecting":"다시 연결","Remove_file":"%name% 파일 제거","Role_Support_Angel":"오퍼레이터 지원","Save_image_alternative_text":"이 이미지의 대체 텍스트 저장","Scroll_latest_message":"최신 메시지로 스크롤","Scroll_latest_messages":"최신 메시지로 스크롤","Send":"보내기","Send_chat_transcript_to":"채팅 대화 내용 전송:","Send_file":"파일 보내기","Send_files":"파일 전송","Send_message":"메시지 보내기","Send_transcript":"대화 내용 전송","Send_transcript_to_email":"채팅 내용을 자신의 이메일로 보내기.","Show_less":"간단히 보기","Show_more":"자세히 보기","Skill_status_offline":"오프라인","Skill_status_online":"온라인","Submit":"제출","Submit_email":"이메일 등록","Survey_fill_in_required_fields":"필수 필드에 입력해 주십시오.","Theme_options":"옵션","Tickets_attachments":"첨부:","Tickets_author":"작성자:","Tickets_auto_solve_message":"지난 7일 동안 아무 회신도 받지 못했기 때문에 티켓이 해결된 것으로 표시했습니다. 티켓을 다시 열려면 이 메시지에 회신해 주시기 바랍니다.","Tickets_date":"날짜:","Tickets_follow_up_message":"이 메시지는 3일 전에 발송되었습니다. 추가할 내용이 있으면 회신해 주시기 바랍니다.","Tickets_message":"내용:","Tickets_new_message":"새로운 메시지","Tickets_rating_bad_full":"별로입니다. 만족하지 못했어요.","Tickets_rating_bad_short":"나쁨","Tickets_rating_case_reminder":"질문에 대한 빠른 알림입니다.","Tickets_rating_good_full":"좋습니다. 만족했어요.","Tickets_rating_good_short":"좋음","Tickets_rating_intro":"잠시 시간을 내서 고객 서비스를 평가해 주세요.","Tickets_rating_thank_you":"감사합니다!","Tickets_rating_you_rated":"고객 서비스를 다음과 같이 평가했습니다.","Tickets_ticket":"티켓","Tickets_ticket_created":"당신의 티켓이 생성되었습니다.","Tickets_ticket_is_solved":"당신의 티켓이 이제 해결되었습니다!","Tickets_ticket_reopened":"티켓이 재개되었습니다","Today":"오늘","Try_again":"다시 시도하세요","Unmute":"음소거 해제","Upload_error":"업로드 오류","Upload_files":"파일 업로드","Upload_success":"업로드 성공","Uploading":"업로드 중","User_Transfer":"다른 상담원에게 연결중입니다: %operator%.","User_in_queue":"우리 직원이 곧 연락을 드릴 예정입니다. 여러분은 현재 대기 열에서 %number% 번입니다. 여러분의 예상 대기 시간은 약 %minutes%분입니다. 기다려 주셔서 감사합니다.","User_in_queue_unknown_time":"우리 직원이 곧 연락을 드릴 예정입니다. 여러분은 현재 대기 열에서 %number% 번입니다.","Welcome_title":"Heaven Casino","Welcome_to_chat":"안녕하세요 24시 New Heaven 콜센터 입니다. 모든상담  라이브채팅으로  문의 바랍니다.","Write_a_message":"메시지를 작성하세요...","Yes":"예","Yesterday":"어제","You_are_banned_message":"여러분은 현재 이 채팅에 참가 금지 상태입니다.","Zendesk_ticket_created":"여러분 사례를 지원하기 위해 지원 티켓이 작성되었습니다.","Zendesk_ticket_notification":"문제가 해결되면 %email%로 이메일을 보내드립니다.","_version":"01368d8617f52f3b062d042793d4ebab","files_failed_to_upload":"%files%개의 파일을 업로드하지 못했습니다.","forms_choose":"-- 선택 --","forms_choose_department":"부서 선택:","forms_email":"이메일:","forms_email_confirmation":"뉴스레터 캠페인을 수신하고 싶습니다","forms_first_answer":"첫 번째 답변","forms_message":"메시지:","forms_name":"이름:","forms_offline_info":"우리 오퍼레이터가 현재 도움을 드릴 수 없습니다. 메시지를 남겨주시면 곧 연락드리겠습니다.","forms_question":"질문:","forms_read_transcript":"채팅 글 읽기","forms_second_answer":"두 번째 답변","forms_skill_one":"스킬 1","forms_skill_two":"스킬 2","forms_subject":"제목:","forms_thank_you":"채팅해주셔서 감사합니다. 추가적인 피드백이 있다면 남겨주십시오.","forms_welcome":"LiveChat에 오신 것을 환영합니다! 채팅을 하기 전에 아래 양식을 기입해 주십시오.","hide":"숨김","upload_failed":"업로드 실패"}